Directory,FilesInDir
00001,273
00002,273
00003,403
00004,256
00005,361
00006,293
00007,252
00008,603
00009,229
00010,207
00011,565
00012,382
00013,713
00014,318
00015,231
00016,798
00017,938
00018,276
00019,207
00020,230
00021,922
00022,387
00023,244
00024,1631
00025,553
00026,301
00027,369
00028,268
00029,382
00030,200
00031,335
00032,294
00033,309
00034,317
00035,311
00036,2173
00037,391
00038,333
00039,685
00040,213
00041,366
00042,627
00043,197
00044,250
00045,855
00046,197
00047,254
00048,428
00049,704
00050,2076
00051,277
00052,245
00053,194
00054,204
00055,263
00056,690
00057,1201
00058,256
00059,228
00060,264
00061,451
00062,844
00063,528
00064,193
00065,272
00066,272
00067,260
00068,282
00069,286
00070,530
00071,237
00072,187
00073,576
00074,489
00075,3461
00076,224
00077,247
00078,405
00079,220
00080,222
00081,1022
00082,314
00083,252
00084,231
00085,636
00086,419
00087,290
00088,432
00089,257
00090,203
00091,282
00092,303
00093,317
00094,334
00095,1751
00096,496
00097,3290
00098,202
00099,564
00100,282
00101,248
00102,219
00103,332
00104,520
00105,2827
00106,279
00107,364
00108,499
00109,1473
00110,226
00111,265
00112,334
00113,1405
00114,249
00115,1090
00116,683
00117,234
00118,830
00119,2073
00120,688
00121,537
00122,897
00123,617
00124,190
00125,235
00126,480
00127,269
00128,1108
00129,337
00130,310
00131,234
00132,194
00133,371
00134,284
00135,261
00136,1208
00137,207
00138,294
00139,212
00140,272
00141,209
00142,253
00143,371
00144,200
00145,269
00146,206
00147,188
00148,588
00149,243
00150,662
00151,477
00152,221
00153,383
00154,199
00155,294
00156,290
00157,483
00158,839
00159,619
00160,269
00161,262
00162,201
00163,851
00164,275
00165,339
00166,515
00167,1614
00168,514
00169,1106
00170,223
00171,208
00172,328
00173,260
00174,345
00175,224
00176,243
00177,561
00178,421
00179,211
00180,212
00181,773
00182,212
00183,342
00184,328
00185,660
00186,202
00187,229
00188,224
00189,194
00190,752
00191,2847
00192,332
00193,438
00194,193
00195,337
00196,194
00197,585
00198,484
00199,992
00200,235
00201,487
00202,181
00203,204
00204,270
00205,264
00206,425
00207,388
00208,219
00209,750
00210,217
00211,263
00212,246
00213,694
00214,264
00215,699
00216,322
00217,988
00218,1683
00219,257
00220,509
00221,227
00222,993
00223,290
00224,328
00225,254
00226,195
00227,216
00228,207
00229,207
00230,408
00231,271
00232,376
00233,307
00234,331
00235,330
00236,823
00237,334
00238,1196
00239,334
00240,285
00241,1789
00242,201
00243,220
00244,458
00245,700
00246,371
00247,293
00248,214
00249,228
00250,339
00251,406
00252,321
00253,1037
00254,622
00255,596
00256,246
00257,318
00258,513
00259,376
00260,1058
00261,294
00262,191
00263,710
00264,203
00265,1831
00266,719
00267,217
00268,381
00269,197
00270,288
00271,206
00272,983
00273,340
00274,266
00275,565
00276,585
00277,323
00278,1921
00279,187
00280,459
00281,190
00282,191
00283,994
00284,228
00285,250
00286,624
00287,187
00288,246
00289,441
00290,257
00291,180
00292,269
00293,340
00294,247
00295,284
00296,331
00297,226
00298,526
00299,282
00300,772
00301,274
00302,407
00303,209
00304,1045
00305,200
00306,2121
00307,1230
00308,305
00309,556
00310,206
00311,187
00312,663
00313,392
00314,918
00315,359
00316,336
00317,2052
00318,528
00319,344
00320,267
00321,295
00322,313
00323,381
00324,283
00325,182
00326,287
00327,190
00328,498
00329,244
00330,245
00331,942
00332,803
00333,346
00334,266
00335,1108
00336,309
00337,2701
00338,2622
00339,442
00340,224
00341,263
00342,234
00343,212
00344,293
00345,220
00346,788
00347,249
00348,580
00349,297
00350,806
00351,608
00352,259
00353,277
00354,1110
00355,488
00356,265
00357,446
00358,757
00359,194
00360,191
00361,230
00362,292
00363,281
00364,825
00365,431
00366,247
00367,1215
00368,181
00369,1695
00370,447
00371,384
00372,415
00373,247
00374,233
00375,320
00376,314
00377,258
00378,818
00379,240
00380,2818
00381,207
00382,380
00383,211
00384,370
00385,428
00386,850
00387,262
00388,533
00389,526
00390,1065
00391,2740
00392,206
00393,1736
00394,1407
00395,206
00396,413
00397,242
00398,633
00399,245
00400,268
00401,856
00402,207
00403,215
00404,241
00405,230
00406,207
00407,322
00408,266
00409,213
00410,563
00411,367
00412,3419
00413,1669
00414,337
00415,1808
00416,446
00417,200
00418,1407
00419,279
00420,310
00421,502
00422,759
00423,413
00424,360
00425,1036
00426,259
00427,323
00428,252
00429,211
00430,363
00431,406
00432,200
00433,278
00434,218
00435,554
00436,367
00437,242
00438,535
00439,311
00440,994
00441,338
00442,402
00443,242
00444,297
00445,612
00446,240
00447,216
00448,971
00449,535
00450,239
00451,607
00452,513
00453,259
00454,189
00455,228
00456,316
00457,224
00458,401
00459,255
00460,205
00461,257
00462,473
00463,212
00464,398
00465,3273
00466,281
00467,946
00468,238
00469,242
00470,202
00471,340
00472,411
00473,210
00474,432
00475,721
00476,208
00477,335
00478,601
00479,481
00480,1054
00481,226
00482,202
00483,397
00484,183
00485,212
00486,196
00487,249
00488,405
00489,261
00490,265
00491,188
00492,189
00493,337
00494,191
00495,264
00496,289
00497,292
00498,407
00499,181
00500,244
00501,258
00502,292
00503,252
00504,267
00505,387
00506,188
00507,391
00508,181
00509,231
00510,246
00511,289
00512,333
00513,357
00514,188
00515,795
00516,1342
00517,621
00518,237
00519,202
00520,348
00521,1788
00522,207
00523,199
00524,529
00525,472
00526,315
00527,450
00528,989
00529,466
00530,264
00531,547
00532,356
00533,393
00534,241
00535,1476
00536,450
00537,446
00538,203
00539,346
00540,387
00541,230
00542,528
00543,276
00544,226
00545,212
00546,274
00547,250
00548,217
00549,185
00550,610
00551,451
00552,320
00553,183
00554,180
00555,443
00556,545
00557,426
00558,774
00559,189
00560,198
00561,304
00562,186
00563,296
00564,226
00565,1780
00566,655
00567,455
00568,269
00569,215
00570,418
00571,878
00572,204
00573,319
00574,180
00575,1270
00576,182
00577,724
00578,291
00579,414
00580,393
00581,213
00582,261
00583,646
00584,293
00585,1088
00586,448
00587,370
00588,211
00589,518
00590,192
00591,317
00592,385
00593,599
00594,232
00595,479
00596,181
00597,927
00598,2112
00599,241
00600,231
00601,318
00602,559
00603,181
00604,198
00605,675
00606,871
00607,554
00608,1768
00609,187
00610,187
00611,266
00612,182
00613,376
00614,216
00615,449
00616,382
00617,267
00618,356
00619,284
00620,202
00621,245
00622,229
00623,825
00624,214
00625,206
00626,225
00627,453
00628,346
00629,249
00630,255
00631,334
00632,542
00633,443
00634,757
00635,306
00636,273
00637,613
00638,216
00639,248
00640,341
00641,238
00642,273
00643,628
00644,343
00645,844
00646,432
00647,206
00648,289
00649,251
00650,190
00651,276
00652,544
00653,298
00654,430
00655,411
00656,240
00657,239
00658,395
00659,463
00660,2294
00661,501
00662,275
00663,1077
00664,404
00665,272
00666,445
00667,276
00668,196
00669,851
00670,190
00671,419
00672,238
00673,309
00674,216
00675,205
00676,421
00677,228
00678,181
00679,192
00680,190
00681,414
00682,564
00683,215
00684,250
00685,290
00686,366
00687,297
00688,348
00689,192
00690,203
00691,495
00692,330
00693,226
00694,258
00695,1041
00696,210
00697,261
00698,1399
00699,427
00700,244
00701,589
00702,218
00703,259
00704,275
00705,279
00706,327
00707,282
00708,247
00709,304
00710,384
00711,298
00712,948
00713,213
00714,237
00715,255
00716,736
00717,221
00718,478
00719,458
00720,288
00721,342
00722,188
00723,264
00724,198
00725,472
00726,580
00727,615
00728,226
00729,231
00730,188
00731,370
00732,207
00733,343
00734,232
00735,213
00736,218
00737,272
00738,822
00739,503
00740,267
00741,311
00742,223
00743,598
00744,190
00745,322
00746,361
00747,253
00748,413
00749,205
00750,2336
00751,604
00752,629
00753,271
00754,224
00755,590
00756,510
00757,345
00758,204
00759,210
00760,295
00761,324
00762,273
00763,186
00764,193
00765,212
00766,384
00767,186
00768,203
00769,308
00770,306
00771,188
00772,224
00773,215
00774,208
00775,318
00776,219
00777,426
00778,207
00779,255
00780,738
00781,223
00782,188
00783,251
00784,509
00785,326
00786,262
00787,503
00788,271
00789,220
00790,246
00791,256
00792,1491
00793,217
00794,199
00795,1352
00796,255
00797,361
00798,248
00799,285
00800,970
00801,208
00802,204
00803,300
00804,773
00805,331
00806,542
00807,1381
00808,245
00809,1535
00810,198
00811,1141
00812,255
00813,2060
00814,184
00815,1677
00816,500
00817,353
00818,197
00819,1660
00820,199
00821,251
00822,288
00823,980
00824,1977
00825,578
00826,240
00827,387
00828,315
00829,255
00830,416
00831,218
00832,368
00833,272
00834,241
00835,276
00836,301
00837,601
00838,1751
00839,245
00840,204
00841,566
00842,1776
00843,229
00844,410
00845,300
00846,975
00847,445
00848,386
00849,3568
00850,203
00851,215
00852,203
00853,213
00854,327
00855,255
00856,266
00857,267
00858,187
00859,199
00860,200
00861,1885
00862,297
00863,291
00864,257
00865,1136
00866,378
00867,489
00868,356
00869,183
00870,218
00871,205
00872,202
00873,465
00874,317
00875,257
00876,224
00877,302
00878,596
00879,228
00880,183
00881,839
00882,285
00883,205
00884,324
00885,1486
00886,658
00887,263
00888,361
00889,475
00890,791
00891,290
00892,300
00893,742
00894,348
00895,333
00896,271
00897,417
00898,366
00899,210
00900,203
00901,220
00902,206
00903,219
00904,376
00905,205
00906,417
00907,513
00908,207
00909,451
00910,1404
00911,215
00912,499
00913,268
00914,227
00915,274
00916,419
00917,292
00918,1690
00919,257
00920,255
00921,191
00922,187
00923,193
00924,251
00925,462
00926,1427
00927,222
00928,468
00929,221
00930,198
00931,212
00932,197
00933,862
00934,332
00935,3595
00936,322
00937,248
00938,472
00939,376
00940,412
00941,188
00942,609
00943,397
00944,369
00945,211
00946,201
00947,503
00948,1248
00949,594
00950,261
00951,238
00952,210
00953,247
00954,229
00955,397
00956,181
00957,545
00958,240
00959,183
00960,513
00961,187
00962,384
00963,213
00964,241
00965,282
00966,237
00967,193
00968,233
00969,661
00970,194
00971,358
00972,463
00973,384
00974,196
00975,337
00976,661
00977,418
00978,269
00979,314
00980,1412
00981,275
00982,390
00983,253
00984,246
00985,230
00986,200
00987,212
00988,188
00989,194
00990,669
00991,405
00992,1350
00993,839
00994,181
00995,182
00996,206
00997,1351
00998,235
00999,741
01000,196
01001,219
01002,231
01003,203
01004,211
01005,182
01006,238
01007,523
01008,454
01009,260
01010,432
01011,278
01012,215
01013,267
01014,222
01015,221
01016,193
01017,327
01018,906
01019,363
01020,599
01021,316
01022,297
01023,307
01024,194
01025,1151
01026,255
01027,248
01028,180
01029,280
01030,240
01031,262
01032,199
01033,213
01034,1776
01035,462
01036,199
01037,631
01038,476
01039,206
01040,446
01041,243
01042,211
01043,277
01044,412
01045,275
01046,273
01047,415
01048,651
01049,327
01050,512
01051,199
01052,893
01053,218
01054,221
01055,255
01056,1292
01057,217
01058,248
01059,268
01060,191
01061,223
01062,190
01063,524
01064,433
01065,701
01066,3499
01067,899
01068,197
01069,321
01070,596
01071,381
01072,445
01073,181
01074,240
01075,2447
01076,309
01077,209
01078,528
01079,255
01080,212
01081,461
01082,507
01083,2425
01084,394
01085,185
01086,252
01087,224
01088,228
01089,2774
01090,2060
01091,567
01092,367
01093,219
01094,375
01095,189
01096,3099
01097,281
01098,225
01099,212
01100,933
01101,218
01102,213
01103,272
01104,230
01105,187
01106,2094
01107,679
01108,210
01109,396
01110,224
01111,354
01112,308
01113,1570
01114,487
01115,1200
01116,397
01117,277
01118,480
01119,414
01120,182
01121,215
01122,199
01123,332
01124,224
01125,249
01126,231
01127,215
01128,249
01129,432
01130,3716
01131,280
01132,213
01133,1095
01134,2047
01135,267
01136,264
01137,621
01138,1439
01139,506
01140,218
01141,213
01142,456
01143,615
01144,604
01145,377
01146,218
01147,311
01148,745
01149,462
01150,1720
01151,247
01152,218
01153,306
01154,348
01155,191
01156,252
01157,220
01158,3040
01159,267
01160,866
01161,202
01162,970
01163,412
01164,200
01165,235
01166,582
01167,504
01168,210
01169,252
01170,196
01171,353
01172,557
01173,190
01174,900
01175,360
01176,195
01177,198
01178,277
01179,212
01180,290
01181,305
01182,543
01183,609
01184,336
01185,428
01186,2179
01187,1037
01188,261
01189,201
01190,303
01191,371
01192,525
01193,1057
01194,202
01195,407
01196,224
01197,238
01198,440
01199,436
01200,582
01201,290
01202,200
01203,190
01204,264
01205,182
01206,282
01207,270
01208,2433
01209,387
01210,391
01211,295
01212,456
01213,222
01214,240
01215,265
01216,243
01217,700
01218,216
01219,536
01220,381
01221,304
01222,1766
01223,239
01224,469
01225,200
01226,1780
01227,376
01228,566
01229,225
01230,255
01231,472
01232,197
01233,248
01234,404
01235,367
01236,210
01237,1151
01238,394
01239,479
01240,242
01241,251
01242,287
01243,2122
01244,322
01245,220
01246,1674
01247,592
01248,231
01249,280
01250,388
01251,248
01252,1172
01253,309
01254,293
01255,369
01256,314
01257,247
01258,211
01259,226
01260,1255
01261,297
01262,344
01263,249
01264,197
01265,285
01266,189
01267,270
01268,650
01269,192
01270,316
01271,262
01272,408
01273,181
01274,221
01275,248
01276,474
01277,316
01278,390
01279,255
01280,1018
01281,257
01282,232
01283,374
01284,230
01285,230
01286,454
01287,228
01288,1903
01289,316
01290,1192
01291,325
01292,402
01293,348
01294,271
01295,478
01296,222
01297,308
01298,271
01299,250
01300,210
01301,988
01302,318
01303,2246
01304,347
01305,618
01306,626
01307,217
01308,1304
01309,322
01310,192
01311,184
01312,193
01313,201
01314,439
01315,1687
01316,202
01317,417
01318,3644
01319,2495
01320,239
01321,185
01322,312
01323,331
01324,256
01325,271
01326,558
01327,209
01328,203
01329,199
01330,300
01331,785
01332,200
01333,196
01334,316
01335,209
01336,243
01337,222
01338,296
01339,306
01340,872
01341,640
01342,333
01343,336
01344,233
01345,396
01346,277
01347,246
01348,593
01349,190
01350,629
01351,469
01352,277
01353,252
01354,217
01355,231
01356,208
01357,283
01358,791
01359,211
01360,208
01361,211
01362,483
01363,260
01364,312
01365,202
01366,428
01367,358
01368,240
01369,221
01370,596
01371,222
01372,352
01373,626
01374,193
01375,183
01376,259
01377,199
01378,312
01379,599
01380,703
01381,279
01382,400
01383,535
01384,260
01385,416
01386,470
01387,190
01388,286
01389,288
01390,425
01391,199
01392,338
01393,195
01394,391
01395,327
01396,219
01397,293
01398,205
01399,188
01400,591
01401,2711
01402,511
01403,241
01404,587
01405,362
01406,349
01407,493
01408,328
01409,211
01410,363
01411,1903
01412,590
01413,609
01414,261
01415,774
01416,216
01417,198
01418,290
01419,320
01420,278
01421,536
01422,201
01423,205
01424,311
01425,353
01426,241
01427,203
01428,194
01429,413
01430,309
01431,246
01432,484
01433,511
01434,287
01435,846
01436,250
01437,251
01438,280
01439,618
01440,317
01441,269
01442,205
01443,235
01444,275
01445,669
01446,333
01447,439
01448,303
01449,218
01450,357
01451,1299
01452,301
01453,393
01454,892
01455,1491
01456,462
01457,339
01458,243
01459,246
01460,201
01461,211
01462,219
01463,1550
01464,1634
01465,435
01466,181
01467,218
01468,1392
01469,893
01470,292
01471,586
01472,2179
01473,368
01474,266
01475,236
01476,276
01477,284
01478,358
01479,652
01480,684
01481,346
01482,237
01483,604
01484,227
01485,260
01486,2123
01487,816
01488,195
01489,473
01490,478
01491,964
01492,1434
01493,261
01494,189
01495,515
01496,321
01497,426
01498,268
01499,236
01500,1111
01501,201
01502,187
01503,284
01504,391
01505,376
01506,603
01507,485
01508,235
01509,1108
01510,353
01511,308
01512,620
01513,970
01514,807
01515,181
01516,764
01517,1097
01518,294
01519,428
01520,204
01521,308
01522,378
01523,259
01524,529
01525,193
01526,247
01527,209
01528,234
01529,203
01530,668
01531,206
01532,240
01533,780
01534,248
01535,793
01536,280
01537,313
01538,590
01539,243
01540,240
01541,303
01542,200
01543,534
01544,304
01545,3405
01546,277
01547,210
01548,2244
01549,256
01550,221
01551,289
01552,293
01553,453
01554,201
01555,291
01556,216
01557,350
01558,285
01559,745
01560,249
01561,1918
01562,274
01563,211
01564,301
01565,334
01566,290
01567,609
01568,285
01569,533
01570,305
01571,1596
01572,513
01573,230
01574,494
01575,381
01576,543
01577,220
01578,307
01579,277
01580,370
01581,436
01582,956
01583,253
01584,713
01585,656
01586,223
01587,181
01588,203
01589,620
01590,237
01591,905
01592,471
01593,244
01594,224
01595,214
01596,224
01597,259
01598,508
01599,201
01600,1875
01601,521
01602,2534
01603,206
01604,206
01605,194
01606,243
01607,582
01608,426
01609,358
01610,519
01611,294
01612,196
01613,962
01614,263
01615,264
01616,1289
01617,622
01618,563
01619,212
01620,263
01621,729
01622,424
01623,192
01624,424
01625,1544
01626,561
01627,419
01628,305
01629,510
01630,281
01631,581
01632,289
01633,230
01634,221
01635,391
01636,228
01637,204
01638,244
01639,522
01640,276
01641,572
01642,283
01643,316
01644,239
01645,212
01646,319
01647,311
01648,368
01649,577
01650,223
01651,682
01652,279
01653,239
01654,322
01655,447
01656,662
01657,3645
01658,246
01659,548
01660,338
01661,611
01662,412
01663,218
01664,191
01665,361
01666,829
01667,252
01668,278
01669,432
01670,229
01671,197
01672,328
01673,637
01674,784
01675,782
01676,257
01677,721
01678,653
01679,245
01680,377
01681,1362
01682,415
01683,188
01684,431
01685,207
01686,1145
01687,309
01688,1003
01689,242
01690,210
01691,930
01692,1003
01693,324
01694,401
01695,740
01696,251
01697,305
01698,300
01699,1456
01700,335
01701,276
01702,359
01703,230
01704,221
01705,253
01706,290
01707,281
01708,313
01709,394
01710,251
01711,1437
01712,375
01713,464
01714,653
01715,321
01716,376
01717,364
01718,467
01719,311
01720,239
01721,928
01722,231
01723,284
01724,263
01725,768
01726,318
01727,1483
01728,342
01729,444
01730,215
01731,1418
01732,197
01733,997
01734,302
01735,201
01736,216
01737,837
01738,520
01739,212
01740,427
01741,190
01742,202
01743,696
01744,313
01745,597
01746,597
01747,212
01748,287
01749,184
01750,214
01751,414
01752,266
01753,385
01754,641
01755,336
01756,329
01757,302
01758,216
01759,270
01760,284
01761,222
01762,228
01763,222
01764,215
01765,276
01766,349
01767,272
01768,648
01769,332
01770,252
01771,371
01772,354
01773,302
01774,313
01775,286
01776,250
01777,528
01778,748
01779,191
01780,290
01781,678
01782,206
01783,590
01784,220
01785,240
01786,207
01787,570
01788,294
01789,1785
01790,1910
01791,262
01792,253
01793,358
01794,216
01795,208
01796,1767
01797,204
01798,535
01799,3406
01800,235
01801,299
01802,413
01803,262
01804,192
01805,194
01806,290
01807,592
01808,311
01809,299
01810,199
01811,371
01812,2687
01813,327
01814,1757
01815,209
01816,228
01817,382
01818,269
01819,212
01820,340
01821,512
01822,335
01823,367
01824,437
01825,289
01826,252
01827,353
01828,572
01829,259
01830,363
01831,530
01832,1435
01833,207
01834,434
01835,285
01836,207
01837,304
01838,500
01839,356
01840,239
01841,219
01842,584
01843,302
01844,756
01845,271
01846,340
01847,1728
01848,399
01849,633
01850,325
01851,415
01852,1950
01853,372
01854,2007
01855,204
01856,277
01857,221
01858,265
01859,350
01860,658
01861,514
01862,2784
01863,209
01864,182
01865,204
01866,407
01867,209
01868,181
01869,1522
01870,288
01871,258
01872,272
01873,346
01874,313
01875,254
01876,1225
01877,209
01878,190
01879,369
01880,291
01881,307
01882,1584
01883,435
01884,353
01885,443
01886,188
01887,454
01888,413
01889,367
01890,2008
01891,638
01892,1645
01893,284
01894,428
01895,484
01896,823
01897,484
01898,282
01899,510
01900,692
01901,204
01902,204
01903,826
01904,223
01905,655
01906,206
01907,332
01908,583
01909,1189
01910,189
01911,193
01912,237
01913,180
01914,251
01915,637
01916,525
01917,217
01918,281
01919,530
01920,1346
01921,251
01922,220
01923,197
01924,1035
01925,185
01926,338
01927,222
01928,275
01929,417
01930,189
01931,404
01932,241
01933,536
01934,321
01935,197
01936,235
01937,204
01938,277
01939,575
01940,595
01941,561
01942,334
01943,243
01944,310
01945,1108
01946,238
01947,220
01948,294
01949,313
01950,275
01951,560
01952,361
01953,1512
01954,443
01955,983
01956,263
01957,184
01958,460
01959,283
01960,234
01961,355
01962,827
01963,182
01964,311
01965,191
01966,190
01967,203
01968,1188
01969,392
01970,426
01971,478
01972,986
01973,1056
01974,374
01975,670
01976,355
01977,219
01978,678
01979,301
01980,422
01981,192
01982,231
01983,248
01984,611
01985,1212
01986,628
01987,233
01988,206
01989,195
01990,1508
01991,269
01992,740
01993,469
01994,422
01995,365
01996,230
01997,244
01998,218
01999,799
02000,237
02001,533
02002,322
02003,670
02004,263
02005,277
02006,507
02007,1871
02008,211
02009,223
02010,265
02011,512
02012,272
02013,428
02014,1317
02015,219
02016,183
02017,338
02018,300
02019,529
02020,356
02021,191
02022,357
02023,227
02024,619
02025,226
02026,674
02027,865
02028,248
02029,259
02030,1762
02031,301
02032,199
02033,1353
02034,252
02035,228
02036,266
02037,210
02038,274
02039,235
02040,1283
02041,1338
02042,348
02043,200
02044,269
02045,209
02046,239
02047,820
02048,336
02049,370
02050,502
02051,226
02052,299
02053,452
02054,241
02055,301
02056,392
02057,193
02058,913
02059,380
02060,549
02061,237
02062,248
02063,516
02064,232
02065,275
02066,233
02067,200
02068,670
02069,317
02070,620
02071,212
02072,3032
02073,362
02074,3671
02075,215
02076,283
02077,386
02078,900
02079,277
02080,430
02081,309
02082,202
02083,426
02084,272
02085,2582
02086,674
02087,223
02088,447
02089,275
02090,1495
02091,547
02092,247
02093,248
02094,218
02095,564
02096,304
02097,3062
02098,231
02099,250
02100,639
02101,338
02102,643
02103,369
02104,251
02105,206
02106,205
02107,283
02108,184
02109,407
02110,286
02111,181
02112,217
02113,325
02114,207
02115,435
02116,377
02117,2800
02118,259
02119,229
02120,216
02121,204
02122,768
02123,252
02124,223
02125,212
02126,280
02127,860
02128,194
02129,439
02130,223
02131,205
02132,386
02133,300
02134,227
02135,214
02136,351
02137,271
02138,941
02139,818
02140,259
02141,519
02142,391
02143,312
02144,299
02145,679
02146,397
02147,186
02148,212
02149,486
02150,410
02151,263
02152,527
02153,278
02154,472
02155,288
02156,289
02157,200
02158,207
02159,251
02160,344
02161,285
02162,251
02163,1306
02164,397
02165,187
02166,275
02167,415
02168,464
02169,584
02170,673
02171,204
02172,402
02173,611
02174,193
02175,195
02176,288
02177,1218
02178,183
02179,236
02180,225
02181,391
02182,757
02183,351
02184,213
02185,567
02186,330
02187,718
02188,226
02189,324
02190,408
02191,1921
02192,327
02193,957
02194,1128
02195,365
02196,237
02197,546
02198,205
02199,746
02200,948
02201,192
02202,398
02203,318
02204,196
02205,181
02206,284
02207,327
02208,1008
02209,235
02210,180
02211,426
02212,465
02213,347
02214,1429
02215,263
02216,2584
02217,187
02218,3414
02219,209
02220,180
02221,1000
02222,314
02223,210
02224,213
02225,201
02226,227
02227,740
02228,304
02229,244
02230,404
02231,315
02232,1239
02233,213
02234,696
02235,198
02236,249
02237,742
02238,279
02239,207
02240,226
02241,524
02242,248
02243,323
02244,251
02245,298
02246,331
02247,234
02248,274
02249,231
02250,2659
02251,255
02252,243
02253,1767
02254,317
02255,396
02256,191
02257,502
02258,187
02259,247
02260,559
02261,1212
02262,205
02263,219
02264,405
02265,228
02266,264
02267,222
02268,376
02269,1213
02270,265
02271,234
02272,385
02273,276
02274,289
02275,387
02276,234
02277,1350
02278,719
02279,443
02280,1166
02281,358
02282,207
02283,508
02284,190
02285,347
02286,221
02287,325
02288,388
02289,426
02290,289
02291,340
02292,310
02293,190
02294,3263
02295,200
02296,516
02297,650
02298,536
02299,195
02300,1023
02301,315
02302,230
02303,438
02304,220
02305,258
02306,280
02307,274
02308,841
02309,697
02310,476
02311,2215
02312,293
02313,860
02314,397
02315,498
02316,318
02317,502
02318,265
02319,344
02320,182
02321,478
02322,788
02323,819
02324,228
02325,253
02326,202
02327,304
02328,267
02329,208
02330,220
02331,381
02332,312
02333,273
02334,271
02335,257
02336,1568
02337,244
02338,196
02339,298
02340,1055
02341,212
02342,302
02343,514
02344,368
02345,319
02346,327
02347,197
02348,213
02349,188
02350,252
02351,411
02352,406
02353,303
02354,265
02355,1094
02356,202
02357,1302
02358,233
02359,450
02360,209
02361,581
02362,189
02363,984
02364,207
02365,240
02366,427
02367,504
02368,258
02369,181
02370,340
02371,338
02372,270
02373,392
02374,250
02375,1592
02376,265
02377,349
02378,338
02379,402
02380,221
02381,301
02382,201
02383,1215
02384,189
02385,256
02386,195
02387,253
02388,350
02389,822
02390,183
02391,200
02392,193
02393,242
02394,337
02395,1861
02396,616
02397,184
02398,624
02399,467
02400,238
02401,733
02402,3446
02403,446
02404,610
02405,184
02406,336
02407,616
02408,295
02409,290
02410,1681
02411,207
02412,348
02413,208
02414,1000
02415,647
02416,787
02417,644
02418,592
02419,336
02420,513
02421,983
02422,2740
02423,265
02424,341
02425,793
02426,319
02427,214
02428,280
02429,338
02430,263
02431,264
02432,1357
02433,242
02434,198
02435,420
02436,269
02437,342
02438,295
02439,217
02440,218
02441,308
02442,603
02443,457
02444,254
02445,542
02446,253
02447,307
02448,251
02449,253
02450,638
02451,522
02452,242
02453,192
02454,254
02455,258
02456,271
02457,300
02458,247
02459,892
02460,393
02461,2194
02462,920
02463,258
02464,357
02465,222
02466,202
02467,417
02468,410
02469,192
02470,331
02471,186
02472,2013
02473,684
02474,296
02475,309
02476,398
02477,296
02478,354
02479,529
02480,194
02481,225
02482,253
02483,221
02484,183
02485,194
02486,791
02487,393
02488,222
02489,204
02490,181
02491,197
02492,478
02493,234
02494,233
02495,188
02496,227
02497,1163
02498,213
02499,1714
02500,215
02501,792
02502,915
02503,203
02504,331
02505,231
02506,455
02507,299
02508,190
02509,204
02510,1139
02511,826
02512,203
02513,306
02514,1492
02515,261
02516,474
02517,616
02518,194
02519,194
02520,215
02521,249
02522,1768
02523,415
02524,216
02525,479
02526,397
02527,213
02528,207
02529,2212
02530,244
02531,470
02532,298
02533,1023
02534,237
02535,395
02536,599
02537,425
02538,231
02539,298
02540,278
02541,369
02542,393
02543,271
02544,1752
02545,246
02546,268
02547,271
02548,656
02549,596
02550,300
02551,951
02552,3519
02553,735
02554,400
02555,217
02556,224
02557,187
02558,572
02559,422
02560,396
02561,1746
02562,317
02563,272
02564,194
02565,218
02566,244
02567,313
02568,274
02569,354
02570,314
02571,999
02572,1186
02573,277
02574,296
02575,360
02576,517
02577,246
02578,247
02579,221
02580,484
02581,192
02582,67
02583,253
02584,396
02585,259
02586,321
02587,242
02588,281
02589,271
02590,234
02591,983
02592,288
02593,230
02594,230
02595,299
02596,324
02597,550
02598,268
02599,274
02600,371
02601,185
02602,249
02603,188
02604,1164
02605,3058
02606,967
02607,452
02608,187
02609,1768
02610,216
02611,502
02612,1791
02613,199
02614,306
02615,263
02616,235
02617,230
02618,426
02619,191
02620,1240
02621,366
02622,378
02623,526
02624,401
02625,302
02626,210
02627,923
02628,214
02629,743
02630,202
02631,210
02632,338
02633,210
02634,1766
02635,2533
02636,610
02637,283
02638,181
02639,212
02640,315
02641,189
02642,203
02643,285
02644,415
02645,199
02646,279
02647,185
02648,740
02649,654
02650,392
02651,3023
02652,602
02653,590
02654,220
02655,205
02656,200
02657,629
02658,193
02659,312
02660,190
02661,300
02662,264
02663,761
02664,276
02665,207
02666,189
02667,211
02668,2927
02669,302
02670,425
02671,215
02672,667
02673,517
02674,300
02675,336
02676,213
02677,237
02678,313
02679,291
02680,579
02681,180
02682,283
02683,424
02684,238
02685,711
02686,277
02687,279
02688,218
02689,185
02690,335
02691,1199
02692,261
02693,678
02694,190
02695,249
02696,207
02697,2294
02698,580
02699,250
02700,404
02701,207
02702,246
02703,226
02704,412
02705,227
02706,249
02707,238
02708,237
02709,291
02710,218
02711,886
02712,420
02713,421
02714,232
02715,452
02716,854
02717,894
02718,1808
02719,187
02720,243
02721,870
02722,1234
02723,1282
02724,390
02725,330
02726,193
02727,279
02728,727
02729,218
02730,193
02731,374
02732,271
02733,398
02734,192
02735,187
02736,692
02737,412
02738,194
02739,1304
02740,197
02741,254
02742,273
02743,435
02744,195
02745,2115
02746,325
02747,331
02748,736
02749,359
02750,432
02751,568
02752,688
02753,225
02754,587
02755,404
02756,624
02757,314
02758,246
02759,675
02760,326
02761,263
02762,320
02763,407
02764,1117
02765,194
02766,200
02767,198
02768,280
02769,2642
02770,259
02771,181
02772,215
02773,323
02774,204
02775,414
02776,265
02777,710
02778,473
02779,243
02780,222
02781,543
02782,289
02783,1254
02784,283
02785,814
02786,196
02787,279
02788,227
02789,249
02790,205
02791,220
02792,207
02793,219
02794,189
02795,352
02796,240
02797,1909
02798,389
02799,228
02800,193
02801,231
02802,239
02803,191
02804,610
02805,208
02806,446
02807,373
02808,745
02809,242
02810,271
02811,227
02812,182
02813,242
02814,450
02815,504
02816,448
02817,630
02818,1569
02819,660
02820,1381
02821,209
02822,230
02823,497
02824,222
02825,410
02826,1251
02827,181
02828,488
02829,181
02830,3183
02831,194
02832,615
02833,269
02834,3301
02835,419
02836,278
02837,219
02838,229
02839,345
02840,230
02841,656
02842,292
02843,198
02844,208
02845,261
02846,334
02847,238
02848,1990
02849,374
02850,364
02851,406
02852,449
02853,479
02854,230
02855,569
02856,339
02857,381
02858,211
02859,1331
02860,209
02861,349
02862,295
02863,192
02864,252
02865,361
02866,539
02867,742
02868,578
02869,214
02870,227
02871,287
02872,300
02873,350
02874,1077
02875,235
02876,256
02877,1371
02878,416
02879,285
02880,284
02881,277
02882,194
02883,649
02884,239
02885,243
02886,106
02887,300
02888,348
02889,186
02890,487
02891,870
02892,2074
02893,466
02894,399
02895,404
02896,334
02897,221
02898,294
02899,413
02900,1112
02901,188
02902,205
02903,296
02904,198
02905,2522
02906,1739
02907,375
02908,435
02909,314
02910,650
02911,1560
02912,738
02913,289
02914,1032
02915,292
02916,188
02917,285
02918,1431
02919,222
02920,1015
02921,314
02922,181
02923,621
02924,537
02925,207
02926,192
02927,408
02928,250
02929,256
02930,183
02931,221
02932,2702
02933,201
02934,535
02935,233
02936,244
02937,202
02938,492
02939,860
02940,488
02941,419
02942,347
02943,582
02944,1074
02945,228
02946,240
02947,279
02948,2723
02949,311
02950,583
02951,558
02952,216
02953,1788
02954,405
02955,1808
02956,576
02957,1670
02958,913
02959,196
02960,382
02961,207
02962,181
02963,202
02964,311
02965,302
02966,525
02967,2879
02968,215
02969,210
02970,331
02971,180
02972,301
02973,547
02974,201
02975,261
02976,265
02977,446
02978,263
02979,235
02980,194
02981,692
02982,214
02983,197
02984,953
02985,198
02986,347
02987,234
02988,505
02989,260
02990,265
02991,583
02992,321
02993,948
02994,1246
02995,2897
02996,242
02997,466
02998,184
02999,241
03000,261
03001,283
03002,1085
03003,191
03004,428
03005,214
03006,306
03007,223
03008,375
03009,191
03010,284
03011,3124
03012,338
03013,236
03014,299
03015,216
03016,334
03017,282
03018,865
03019,203
03020,260
03021,208
03022,198
03023,394
03024,226
03025,188
03026,679
03027,191
03028,213
03029,286
03030,189
03031,237
03032,404
03033,259
03034,376
03035,228
03036,203
03037,239
03038,224
03039,205
03040,347
03041,265
03042,252
03043,384
03044,523
03045,545
03046,431
03047,221
03048,189
03049,284
03050,407
03051,271
03052,347
03053,247
03054,242
03055,240
03056,226
03057,384
03058,227
03059,317
03060,274
03061,199
03062,416
03063,242
03064,287
03065,204
03066,335
03067,523
03068,303
03069,426
03070,2136
03071,229
03072,242
03073,332
03074,307
03075,243
03076,307
03077,314
03078,2604
03079,339
03080,536
03081,197
03082,250
03083,337
03084,214
03085,409
03086,288
03087,271
03088,391
03089,947
03090,318
03091,199
03092,943
03093,227
03094,1776
03095,561
03096,281
03097,319
03098,370
03099,203
03100,273
03101,1035
03102,274
03103,256
03104,364
03105,322
03106,232
03107,426
03108,180
03109,403
03110,701
03111,704
03112,351
03113,208
03114,448
03115,221
03116,215
03117,1124
03118,241
03119,610
03120,307
03121,908
03122,303
03123,241
03124,222
03125,192
03126,423
03127,229
03128,2360
03129,204
03130,562
03131,278
03132,379
03133,256
03134,375
03135,366
03136,320
03137,258
03138,300
03139,337
03140,277
03141,557
03142,242
03143,370
03144,433
03145,226
03146,457
03147,245
03148,239
03149,247
03150,201
03151,220
03152,345
03153,213
03154,192
03155,191
03156,184
03157,499
03158,267
03159,198
03160,251
03161,379
03162,525
03163,314
03164,420
03165,817
03166,2156
03167,776
03168,863
03169,409
03170,269
03171,327
03172,261
03173,1936
03174,756
03175,224
03176,499
03177,184
03178,188
03179,373
03180,470
03181,310
03182,304
03183,1069
03184,205
03185,253
03186,595
03187,443
03188,221
03189,211
03190,408
03191,697
03192,379
03193,3440
03194,257
03195,378
03196,672
03197,253
03198,285
03199,261
03200,457
03201,349
03202,227
03203,542
03204,473
03205,283
03206,333
03207,269
03208,374
03209,355
03210,285
03211,293
03212,184
03213,238
03214,336
03215,334
03216,197
03217,514
03218,361
03219,194
03220,230
03221,457
03222,224
03223,275
03224,221
03225,2368
03226,271
03227,716
03228,182
03229,1803
03230,667
03231,218
03232,588
03233,253
03234,260
03235,249
03236,355
03237,1445
03238,190
03239,224
03240,246
03241,909
03242,284
03243,188
03244,309
03245,268
03246,751
03247,897
03248,241
03249,729
03250,225
03251,236
03252,289
03253,383
03254,539
03255,365
03256,188
03257,876
03258,1573
03259,1538
03260,223
03261,215
03262,313
03263,399
03264,249
03265,212
03266,300
03267,258
03268,2700
03269,384
03270,311
03271,587
03272,222
03273,534
03274,589
03275,367
03276,344
03277,271
03278,822
03279,330
03280,203
03281,1076
03282,211
03283,856
03284,321
03285,203
03286,301
03287,342
03288,198
03289,263
03290,314
03291,1756
03292,907
03293,585
03294,881
03295,388
03296,742
03297,351
03298,270
03299,458
03300,3207
03301,368
03302,438
03303,549
03304,238
03305,617
03306,241
03307,231
03308,323
03309,340
03310,519
03311,275
03312,215
03313,619
03314,363
03315,894
03316,209
03317,229
03318,270
03319,668
03320,575
03321,187
03322,1021
03323,294
03324,180
03325,268
03326,261
03327,193
03328,367
03329,214
03330,2512
03331,332
03332,206
03333,268
03334,734
03335,1078
03336,238
03337,287
03338,789
03339,723
03340,524
03341,260
03342,420
03343,194
03344,349
03345,250
03346,515
03347,248
03348,1731
03349,978
03350,343
03351,191
03352,889
03353,288
03354,375
03355,496
03356,350
03357,406
03358,240
03359,282
03360,377
03361,574
03362,296
03363,229
03364,1076
03365,233
03366,190
03367,256
03368,255
03369,245
03370,1483
03371,253
03372,3062
03373,414
03374,251
03375,244
03376,219
03377,391
03378,1846
03379,224
03380,1724
03381,335
03382,822
03383,234
03384,1524
03385,374
03386,1406
03387,440
03388,240
03389,599
03390,592
03391,897
03392,587
03393,379
03394,239
03395,520
03396,277
03397,393
03398,261
03399,230
03400,247
03401,217
03402,234
03403,224
03404,392
03405,204
03406,509
03407,407
03408,209
03409,466
03410,319
03411,405
03412,240
03413,353
03414,299
03415,340
03416,262
03417,184
03418,181
03419,528
03420,437
03421,228
03422,221
03423,190
03424,2465
03425,196
03426,2851
03427,252
03428,262
03429,231
03430,226
03431,463
03432,182
03433,361
03434,376
03435,241
03436,192
03437,205
03438,298
03439,409
03440,191
03441,277
03442,566
03443,336
03444,199
03445,276
03446,313
03447,366
03448,321
03449,330
03450,414
03451,650
03452,425
03453,287
03454,277
03455,187
03456,224
03457,218
03458,259
03459,327
03460,283
03461,195
03462,193
03463,218
03464,269
03465,345
03466,787
03467,412
03468,278
03469,408
03470,3563
03471,214
03472,197
03473,469
03474,235
03475,192
03476,270
03477,304
03478,233
03479,213
03480,3115
03481,885
03482,444
03483,199
03484,264
03485,193
03486,265
03487,499
03488,225
03489,2124
03490,2331
03491,995
03492,271
03493,465
03494,508
03495,300
03496,244
03497,396
03498,228
03499,201
03500,262
03501,304
03502,321
03503,289
03504,571
03505,190
03506,722
03507,228
03508,184
03509,226
03510,453
03511,2274
03512,3291
03513,212
03514,303
03515,187
03516,1432
03517,306
03518,313
03519,229
03520,260
03521,699
03522,664
03523,759
03524,635
03525,416
03526,463
03527,220
03528,315
03529,197
03530,365
03531,536
03532,235
03533,240
03534,282
03535,236
03536,812
03537,560
03538,240
03539,315
03540,964
03541,529
03542,1982
03543,189
03544,197
03545,383
03546,198
03547,756
03548,248
03549,187
03550,282
03551,2035
03552,535
03553,293
03554,191
03555,241
03556,1428
03557,301
03558,240
03559,292
03560,250
03561,261
03562,684
03563,694
03564,402
03565,196
03566,188
03567,208
03568,289
03569,301
03570,264
03571,215
03572,271
03573,316
03574,319
03575,1259
03576,676
03577,438
03578,222
03579,209
03580,390
03581,241
03582,213
03583,270
03584,239
03585,196
03586,947
03587,222
03588,181
03589,330
03590,184
03591,387
03592,453
03593,572
03594,2073
03595,335
03596,558
03597,214
03598,781
03599,605
03600,552
03601,3507
03602,692
03603,412
03604,180
03605,688
03606,565
03607,263
03608,221
03609,261
03610,331
03611,1861
03612,202
03613,289
03614,328
03615,259
03616,212
03617,449
03618,236
03619,191
03620,212
03621,219
03622,306
03623,330
03624,436
03625,529
03626,575
03627,208
03628,599
03629,1126
03630,225
03631,303
03632,567
03633,250
03634,284
03635,240
03636,390
03637,1089
03638,201
03639,490
03640,201
03641,1588
03642,1155
03643,508
03644,213
03645,231
03646,181
03647,346
03648,798
03649,264
03650,326
03651,258
03652,759
03653,278
03654,950
03655,363
03656,188
03657,621
03658,302
03659,279
03660,846
03661,1330
03662,226
03663,200
03664,440
03665,244
03666,200
03667,406
03668,331
03669,190
03670,276
03671,1162
03672,193
03673,207
03674,263
03675,232
03676,1975
03677,357
03678,251
03679,381
03680,3594
03681,185
03682,413
03683,363
03684,241
03685,740
03686,469
03687,182
03688,227
03689,1145
03690,216
03691,224
03692,336
03693,333
03694,1461
03695,270
03696,309
03697,202
03698,288
03699,277
03700,214
03701,357
03702,292
03703,303
03704,394
03705,216
03706,689
03707,1002
03708,241
03709,1440
03710,246
03711,367
03712,1768
03713,241
03714,1091
03715,244
03716,458
03717,195
03718,500
03719,254
03720,397
03721,439
03722,639
03723,509
03724,281
03725,183
03726,241
03727,663
03728,1336
03729,360
03730,872
03731,325
03732,276
03733,601
03734,230
03735,413
03736,261
03737,194
03738,219
03739,493
03740,495
03741,245
03742,318
03743,540
03744,237
03745,3035
03746,227
03747,245
03748,455
03749,295
03750,319
03751,376
03752,215
03753,252
03754,279
03755,196
03756,1769
03758,1201
03759,211
03760,1138
03761,319
03762,508
03763,251
03764,507
03765,186
03766,645
03767,189
03768,225
03769,431
03770,551
03771,248
03772,406
03773,300
03774,301
03775,604
03776,258
03777,271
03778,357
03779,913
03780,206
03781,226
03782,631
03783,582
03784,671
03785,331
03786,423
03787,422
03788,389
03789,226
03790,258
03791,312
03792,614
03793,185
03794,1647
03795,247
03796,187
03797,257
03798,198
03799,367
03800,222
03801,289
03802,1119
03803,216
03804,212
03805,1598
03806,628
03807,368
03808,354
03809,226
03810,180
03811,268
03812,292
03813,273
03814,256
03815,315
03816,1881
03817,287
03818,347
03819,405
03820,287
03821,238
03822,2018
03823,272
03824,223
03825,222
03826,278
03827,371
03828,223
03829,348
03830,307
03831,228
03832,881
03833,1034
03834,236
03835,1769
03836,351
03837,259
03838,292
03839,500
03840,389
03841,1768
03842,244
03843,646
03844,271
03845,3276
03846,780
03847,199
03848,200
03849,660
03850,258
03851,240
03852,260
03853,359
03854,200
03855,237
03856,253
03857,422
03858,401
03859,624
03860,302
03861,573
03862,347
03863,281
03864,387
03865,1319
03866,354
03867,192
03868,193
03869,386
03870,482
03871,280
03872,229
03873,192
03874,438
03875,269
03876,260
03877,270
03878,241
03879,224
03880,196
03881,342
03882,426
03883,448
03884,524
03885,240
03886,250
03887,254
03888,400
03889,862
03890,340
03891,454
03892,225
03893,415
03894,583
03895,449
03896,2751
03897,492
03898,237
03899,235
03900,1284
03901,224
03902,1768
03903,220
03904,329
03905,251
03906,431
03907,182
03908,347
03909,191
03910,1354
03911,797
03912,510
03913,199
03914,1831
03915,287
03916,956
03917,232
03918,1840
03919,358
03920,219
03921,463
03922,288
03923,275
03924,545
03925,494
03926,198
03927,360
03928,306
03929,366
03930,567
03931,477
03932,392
03933,279
03934,1935
03935,660
03936,328
03937,231
03938,220
03939,218
03940,233
03941,320
03942,346
03943,238
03944,2528
03945,1236
03946,363
03947,195
03948,227
03949,281
03950,205
03951,366
03952,256
03953,221
03954,1555
03955,792
03956,1500
03957,278
03958,336
03959,260
03960,206
03961,551
03962,254
03963,315
03964,569
03965,278
03966,268
03967,740
03968,301
03969,351
03970,323
03971,542
03972,332
03973,208
03974,224
03975,362
03976,201
03977,243
03978,464
03979,247
03980,234
03981,542
03982,222
03983,327
03984,1068
03985,242
03986,671
03987,382
03988,357
03989,199
03990,301
03991,2411
03992,1213
03993,267
03994,543
03995,206
03996,326
03997,2085
03998,363
03999,282
04000,348
04001,464
04002,259
04003,490
04004,638
04005,543
04006,270
04007,275
04008,223
04009,295
04010,2630
04011,687
04012,461
04013,426
04014,238
04015,238
04016,240
04017,200
04018,199
04019,240
04020,262
04021,384
04022,219
04023,1266
04024,201
04025,298
04026,376
04027,253
04028,312
04029,3356
04030,436
04031,220
04032,223
04033,229
04034,203
04035,326
04036,292
04037,199
04038,264
04039,288
04040,307
04041,514
04042,267
04043,1217
04044,382
04045,321
04046,263
04047,639
04048,226
04049,249
04050,187
04051,253
04052,385
04053,931
04054,291
04055,524
04056,217
04057,1446
04058,435
04059,458
04060,320
04061,3456
04062,393
04063,510
04064,255
04065,231
04066,902
04067,321
04068,2115
04069,314
04070,289
04071,220
04072,421
04073,243
04074,350
04075,511
04076,267
04077,879
04078,311
04079,290
04080,188
04081,951
04082,397
04083,313
04084,226
04085,2415
04086,1120
04087,241
04088,188
04089,239
04090,470
04091,302
04092,221
04093,194
04094,1818
04095,229
04096,640
04097,270
04098,279
04099,345
04100,198
04101,1769
04102,205
04103,424
04104,233
04105,357
04106,404
04107,220
04108,449
04109,785
04110,2094
04111,1077
04112,408
04113,335
04114,207
04115,197
04116,203
04117,203
04118,819
04119,236
04120,296
04121,1223
04122,1748
04123,250
04124,267
04125,559
04126,250
04127,342
04128,237
04129,269
04130,961
04131,564
04132,255
04133,337
04134,487
04135,377
04136,219
04137,439
04138,280
04139,532
04140,312
04141,1314
04142,242
04143,459
04144,603
04145,367
04146,211
04147,772
04148,456
04149,185
04150,600
04151,407
04152,356
04153,402
04154,206
04155,271
04156,438
04157,658
04158,227
04159,448
04160,549
04161,212
04162,2817
04163,247
04164,1488
04165,461
04166,228
04167,1706
04168,204
04169,242
04170,293
04171,197
04172,425
04173,244
04174,258
04175,300
04176,249
04177,522
04178,306
04179,297
04180,278
04181,219
04182,255
04183,350
04184,245
04185,192
04186,1894
04187,213
04188,341
04189,532
04190,960
04191,181
04192,280
04193,276
04194,264
04195,445
04196,277
04197,571
04198,476
04199,406
04200,505
04201,326
04202,246
04203,1056
04204,186
04205,249
04206,1190
04207,317
04208,197
04209,391
04210,292
04211,242
04212,1049
04213,371
04214,222
04215,222
04216,190
04217,231
04218,186
04219,350
04220,474
04221,304
04222,384
04223,360
04224,343
04225,949
04226,686
04227,558
04228,185
04229,225
04230,2324
04231,197
04232,310
04233,564
04234,211
04235,192
04236,227
04237,248
04238,279
04239,254
04240,280
04241,328
04242,250
04243,280
04244,212
04245,374
04246,219
04247,210
04248,261
04249,245
04250,270
04251,457
04252,352
04253,435
04254,792
04255,245
04256,373
04257,323
04258,754
04259,213
04260,1466
04261,384
04262,191
04263,729
04264,541
04265,341
04266,821
04267,273
04268,234
04269,222
04270,969
04271,268
04272,295
04273,200
04274,614
04275,423
04276,771
04277,847
04278,183
04279,382
04280,320
04281,495
04282,210
04283,262
04284,193
04285,296
04286,20
04287,639
04288,255
04289,515
04290,257
04291,1526
04292,326
04293,190
04294,629
04295,460
04296,1073
04297,201
04298,1151
04299,377
04300,214
04301,355
04302,199
04303,315
04304,386
04305,495
04306,498
04307,270
04308,195
04309,219
04310,611
04311,287
04312,292
04313,250
04314,348
04315,401
04316,1773
04317,581
04318,291
04319,202
04320,1902
04321,332
04322,790
04323,253
04324,210
04325,264
04326,454
04327,229
04328,195
04329,762
04330,232
04331,205
04332,290
04333,404
04334,255
04335,195
04336,197
04337,226
04338,257
04339,220
04340,401
04341,1863
04342,631
04343,220
04344,207
04345,245
04346,404
04347,749
04348,846
04349,1519
04350,297
04351,1119
04352,194
04353,328
04354,510
04355,244
04356,316
04357,406
04358,268
04359,210
04360,1034
04361,288
04362,389
04363,224
04364,275
04365,251
04366,214
04367,253
04368,188
04369,320
04370,524
04371,1806
04372,191
04373,253
04374,1348
04375,252
04376,235
04377,195
04378,488
04379,206
04380,218
04381,338
04382,361
04383,712
04384,904
04385,437
04386,316
04387,198
04388,200
04389,227
04390,254
04391,417
04392,235
04393,458
04394,440
04395,470
04396,353
04397,188
04398,201
04399,304
04400,236
04401,310
04402,411
04403,258
04404,493
04405,216
04406,328
04407,220
04408,382
04409,425
04410,276
04411,651
04412,199
04413,666
04414,223
04415,408
04416,378
04417,275
04418,219
04419,847
04420,193
04421,331
04422,215
04423,2753
04424,207
04425,193
04426,201
04427,393
04428,258
04429,372
04430,219
04431,329
04432,281
04433,531
04434,351
04435,239
04436,373
04437,837
04438,258
04439,813
04440,195
04441,255
04442,410
04443,783
04444,202
04445,363
04446,243
04447,185
04448,198
04449,273
04450,298
04451,459
04452,193
04453,193
04454,212
04455,401
04456,236
04457,185
04458,1069
04459,353
04460,291
04461,192
04462,270
04463,743
04464,212
04465,272
04466,644
04467,388
04468,321
04469,197
04470,212
04471,349
04472,189
04473,430
04474,281
04475,280
04476,289
04477,200
04478,304
04479,260
04480,1348
04481,1041
04482,271
04483,369
04484,202
04485,189
04486,319
04487,308
04488,415
04489,282
04490,232
04491,235
04492,182
04493,343
04494,190
04495,432
04496,199
04497,436
04498,206
04499,243
04500,288
04501,392
04502,281
04503,284
04504,854
04505,1213
04506,290
04507,2289
04508,558
04509,205
04510,897
04511,217
04512,348
04513,387
04514,443
04515,228
04516,317
04517,849
04518,1207
04519,207
04520,237
04521,248
04522,291
04523,860
04524,721
04525,347
04526,650
04527,273
04528,512
04529,1277
04530,3412
04531,3104
04532,582
04533,200
04534,1906
04535,610
04536,209
04537,293
04538,1879
04539,194
04540,524
04541,315
04542,1073
04543,579
04544,183
04545,256
04546,201
04547,275
04548,611
04549,288
04550,393
04551,198
04552,307
04553,211
04554,354
04555,237
04556,210
04557,578
04558,480
04559,582
04560,232
04561,375
04562,229
04563,200
04564,489
04565,472
04566,301
04567,205
04568,440
04569,370
04570,260
04571,584
04572,360
04573,341
04574,180
04575,347
04576,353
04577,1934
04578,209
04579,216
04580,704
04581,354
04582,257
04583,727
04584,274
04585,250
04586,203
04587,187
04588,239
04589,290
04590,1052
04591,212
04592,2180
04593,293
04594,1860
04595,197
04596,824
04597,236
04598,380
04599,1494
04600,259
04601,410
04602,1438
04603,651
04604,206
04605,290
04606,1043
04607,322
04608,255
04609,498
04610,287
04611,457
04612,242
04613,181
04614,272
04615,3188
04616,220
04617,1338
04618,245
04619,1859
04620,386
04621,391
04622,200
04623,683
04624,249
04625,1770
04626,360
04627,379
04628,534
04629,1143
04630,207
04631,352
04632,280
04633,448
04634,271
04635,191
04636,1771
04637,1166
04638,197
04639,282
04640,614
04641,186
04642,257
04643,204
04644,403
04645,223
04646,199
04647,707
04648,289
04649,327
04650,451
04651,196
04652,251
04653,231
04654,208
04655,274
04656,215
04657,231
04658,364
04659,329
04660,614
04661,308
04662,291
04663,261
04664,277
04665,1141
04666,211
04667,484
04668,292
04669,447
04670,514
04671,192
04672,375
04673,269
04674,507
04675,319
04676,512
04677,236
04678,197
04679,844
04680,1776
04681,246
04682,1583
04683,1338
04684,195
04685,213
04686,266
04687,223
04688,197
04689,270
04690,187
04691,241
04692,3717
04693,473
04694,189
04695,277
04696,300
04697,250
04698,1070
04699,424
04700,382
04701,346
04702,295
04703,955
04704,243
04705,391
04706,527
04707,207
04708,265
04709,214
04710,188
04711,232
04712,226
04713,223
04714,239
04715,197
04716,390
04717,247
04718,368
04719,307
04720,540
04721,439
04722,279
04723,202
04724,3469
04725,277
04726,271
04727,350
04728,1521
04729,231
04730,231
04731,282
04732,2738
04733,258
04734,296
04735,213
04736,1754
04737,211
04738,285
04739,387
04740,524
04741,529
04742,190
04743,1750
04744,622
04745,331
04746,267
04747,3051
04748,206
04749,960
04750,197
04751,998
04752,342
04753,286
04754,242
04755,270
04756,242
04757,245
04758,260
04759,293
04760,223
04761,289
04762,333
04763,302
04764,202
04765,305
04766,247
04767,414
04768,186
04769,482
04770,1739
04771,2661
04772,338
04773,534
04774,211
04775,523
04776,320
04777,309
04778,182
04779,458
04780,2662
04781,385
04782,215
04783,307
04784,252
04785,404
04786,201
04787,216
04788,301
04789,233
04790,277
04791,238
04792,2762
04793,693
04794,224
04795,1259
04796,747
04797,251
04798,255
04799,242
04800,575
04801,558
04802,334
04803,357
04804,1827
04805,218
04806,392
04807,287
04808,578
04809,2423
04810,242
04811,261
04812,387
04813,309
04814,222
04815,910
04816,210
04817,455
04818,320
04819,265
04820,197
04821,1862
04822,280
04823,578
04824,482
04825,315
04826,247
04827,451
04828,530
04829,383
04830,666
04831,367
04832,974
04833,253
04834,253
04835,258
04836,809
04837,454
04838,615
04839,991
04840,709
04841,254
04842,1122
04843,1171
04844,583
04845,252
04846,475
04847,279
04848,211
04849,300
04850,2799
04851,216
04852,3191
04853,675
04854,546
04855,375
04856,193
04857,198
04858,211
04859,240
04860,278
04861,194
04862,225
04863,210
04864,1027
04865,356
04866,219
04867,3280
04868,1334
04869,510
04870,245
04871,547
04872,227
04873,357
04874,654
04875,538
04876,358
04877,1726
04878,206
04879,236
04880,324
04881,557
04882,181
04883,305
04884,200
04885,458
04886,254
04887,214
04888,1565
04889,268
04890,561
04891,870
04892,266
04893,211
04894,274
04895,1199
04896,679
04897,190
04898,2034
04899,311
04900,308
04901,273
04902,186
04903,2179
04904,240
04905,241
04906,223
04907,186
04908,249
04909,215
04910,1413
04911,194
04912,288
04913,262
04914,582
04915,184
04916,383
04917,343
04918,605
04919,182
04920,246
04921,2973
04922,275
04923,361
04924,297
04925,2697
04926,202
04927,280
04928,320
04929,238
04930,273
04931,576
04932,270
04933,349
04934,404
04935,1073
04936,2420
04937,208
04938,301
04939,216
04940,412
04941,261
04942,354
04943,1738
04944,918
04945,561
04946,226
04947,229
04948,599
04949,398
04950,262
04951,202
04952,202
04953,360
04954,283
04955,191
04956,1701
04957,395
04958,246
04959,291
04960,265
04961,244
04962,183
04963,305
04964,272
04965,300
04966,185
04967,209
04968,294
04969,328
04970,600
04971,219
04972,403
04973,187
04974,424
04975,1594
04976,316
04977,202
04978,300
04979,653
04980,532
04981,271
04982,238
04983,323
04984,758
04985,1896
04986,224
04987,279
04988,805
04989,212
04990,180
04991,383
04992,228
04993,505
04994,298
04995,538
04996,220
04997,199
04998,270
04999,2725
05000,2851
05001,2472
05002,231
05003,216
05004,1769
05005,293
05006,569
05007,334
05008,240
05009,199
05010,270
05011,556
05012,489
05013,978
05014,1097
05015,333
05016,396
05017,332
05018,250
05019,263
05020,284
05021,228
05022,198
05023,216
05024,222
05025,326
05026,205
05027,259
05028,704
05029,3365
05030,1982
05031,227
05032,381
05033,200
05034,252
05035,215
05036,537
05037,433
05038,635
05039,216
05040,195
05041,397
05042,229
05043,260
05044,377
05045,328
05046,335
05047,1394
05048,733
05049,259
05050,218
05051,750
05052,316
05053,370
05054,3694
05055,2159
05056,290
05057,930
05058,197
05059,420
05060,205
05061,247
05062,260
05063,231
05064,380
05065,234
05066,217
05067,241
05068,440
05069,1732
05070,329
05071,405
05072,606
05073,479
05074,226
05075,245
05076,287
05077,284
05078,227
05079,513
05080,186
05081,1700
05082,672
05083,212
05084,207
05085,235
05086,291
05087,534
05088,267
05089,463
05090,199
05091,238
05092,221
05093,300
05094,392
05095,204
05096,227
05097,1080
05098,310
05099,702
05100,227
05101,307
05102,211
05103,190
05104,341
05105,238
05106,243
05107,181
05108,716
05109,250
05110,257
05111,300
05112,807
05113,261
05114,239
05115,244
05116,2499
05117,1803
05118,212
05119,1770
05120,292
05121,402
05122,545
05123,696
05124,390
05125,625
05126,191
05127,282
05128,290
05129,270
05130,537
05131,201
05132,814
05133,209
05134,288
05135,340
05136,228
05137,207
05138,263
05139,316
05140,1010
05141,1177
05142,850
05143,358
05144,331
05145,790
05146,172
05147,1003
05148,206
05149,581
05150,310
05151,247
05152,231
05153,1072
05154,392
05155,257
05156,395
05157,286
05158,329
05159,282
05160,633
05161,1287
05162,793
05163,223
05164,240
05165,219
05166,292
05167,302
05168,252
05169,398
05170,242
05171,3196
05172,353
05173,330
05174,550
05175,554
05176,204
05177,628
05178,348
05179,826
05180,218
05181,190
05182,196
05183,1268
05184,261
05185,356
05186,194
05187,300
05188,289
05189,441
05190,190
05191,327
05192,260
05193,370
05194,268
05195,345
05196,221
05197,182
05198,504
05199,3009
05200,186
05201,206
05202,280
05203,236
05204,237
05205,415
05206,368
05207,489
05208,280
05209,273
05210,267
05211,460
05212,256
05213,272
05214,840
05215,738
05216,405
05217,576
05218,335
05219,273
05220,240
05221,204
05222,550
05223,229
05224,323
05225,381
05226,216
05227,283
05228,218
05229,288
05230,253
05231,748
05232,1650
05233,830
05234,263
05235,194
05236,891
05237,337
05238,302
05239,796
05240,181
05241,190
05242,276
05243,245
05244,226
05245,255
05246,423
05247,307
05248,236
05249,220
05250,251
05251,329
05252,626
05253,273
05254,195
05255,502
05256,203
05257,332
05258,2709
05259,870
05260,588
05261,577
05262,298
05263,199
05264,208
05265,206
05266,184
05267,1921
05268,194
05269,997
05270,189
05271,758
05272,1541
05273,210
05274,790
05275,391
05276,221
05277,280
05278,480
05279,190
05280,289
05281,518
05282,196
05283,301
05284,1433
05285,299
05286,254
05287,1660
05288,376
05289,672
05290,360
05291,237
05292,222
05293,381
05294,285
05295,261
05296,233
05297,352
05298,221
05299,411
05300,720
05301,202
05302,266
05303,418
05304,950
05305,502
05306,298
05307,221
05308,1281
05309,721
05310,1079
05311,360
05312,366
05313,210
05314,195
05315,601
05316,247
05317,203
05318,248
05319,246
05320,193
05321,684
05322,243
05323,326
05324,308
05325,191
05326,440
05327,465
05328,202
05329,207
05330,398
05331,771
05332,293
05333,357
05334,207
05335,226
05336,225
05337,451
05338,233
05339,292
05340,2874
05341,271
05342,331
05343,279
05344,253
05345,1441
05346,297
05347,3002
05348,291
05349,343
05350,2486
05351,270
05352,208
05353,2567
05354,1027
05355,409
05356,364
05357,216
05358,223
05359,212
05360,2840
05361,298
05362,220
05363,429
05364,198
05365,264
05366,234
05367,519
05368,312
05369,301
05370,1769
05371,843
05372,202
05373,207
05374,224
05375,384
05376,208
05377,357
05378,775
05379,714
05380,256
05381,186
05382,223
05383,452
05384,230
05385,270
05386,633
05387,227
05388,344
05389,1087
05390,496
05391,196
05392,201
05393,251
05394,329
05395,512
05396,512
05397,218
05398,546
05399,359
05400,243
05401,1796
05402,3639
05403,227
05404,263
05405,415
05406,214
05407,377
05408,223
05409,329
05410,211
05411,876
05412,322
05413,939
05414,196
05415,378
05416,211
05417,1375
05418,188
05419,356
05420,260
05421,317
05422,267
05423,348
05424,276
05425,243
05426,223
05427,2479
05428,450
05429,183
05430,611
05431,411
05432,191
05433,432
05434,1098
05435,1118
05436,239
05437,377
05438,393
05439,299
05440,201
05441,395
05442,272
05443,1124
05444,1466
05445,358
05446,303
05447,415
05448,441
05449,269
05450,196
05451,290
05452,1335
05453,362
05454,227
05455,343
05456,264
05457,280
05458,197
05459,208
05460,568
05461,210
05462,3183
05463,375
05464,397
05465,182
05466,197
05467,1243
05468,244
05469,374
05470,470
05471,259
05472,410
05473,1095
05474,649
05475,418
05476,304
05477,1126
05478,790
05479,225
05480,1711
05481,229
05482,197
05483,229
05484,206
05485,575
05486,348
05487,269
05488,621
05489,587
05490,475
05491,291
05492,238
05493,1647
05494,210
05495,335
05496,194
05497,561
05498,292
05499,252
05500,808
05501,455
05502,268
05503,340
05504,225
05505,841
05506,258
05507,252
05508,212
05509,3282
05510,734
05511,273
05512,290
05513,892
05514,213
05515,366
05516,438
05517,286
05518,475
05519,268
05520,267
05521,195
05522,313
05523,254
05524,214
05525,224
05526,564
05527,275
05528,182
05529,282
05530,284
05531,196
05532,208
05533,289
05534,1949
05535,337
05536,310
05537,616
05538,1841
05539,291
05540,239
05541,340
05542,227
05543,213
05544,345
05545,186
05546,314
05547,276
05548,252
05549,246
05550,344
05551,200
05552,319
05553,564
05554,235
05555,1495
05556,227
05557,189
05558,944
05559,181
05560,481
05561,306
05562,253
05563,222
05564,243
05565,199
05566,194
05567,299
05568,334
05569,214
05570,277
05571,279
05572,470
05573,311
05574,264
05575,326
05576,624
05577,629
05578,1159
05579,2101
05580,1055
05581,419
05582,352
05583,184
05584,231
05585,278
05586,661
05587,201
05588,187
05589,969
05590,684
05591,724
05592,1296
05593,278
05594,622
05595,181
05596,300
05597,382
05598,215
05599,188
05600,784
05601,194
05602,259
05603,318
05604,566
05605,1231
05606,195
05607,229
05608,1124
05609,658
05610,1241
05611,424
05612,574
05613,279
05614,480
05615,192
05616,572
05617,2362
05618,379
05619,475
05620,312
05621,457
05622,357
05623,197
05624,420
05625,212
05626,619
05627,702
05628,2661
05629,924
05630,216
05631,346
05632,954
05633,204
05634,300
05635,210
05636,222
05637,1288
05638,216
05639,238
05640,1658
05641,299
05642,289
05643,632
05644,232
05645,840
05646,259
05647,187
05648,1135
05649,191
05650,1833
05651,364
05652,247
05653,291
05654,236
05655,596
05656,186
05657,241
05658,250
05659,233
05660,278
05661,245
05662,246
05663,287
05664,985
05665,555
05666,239
05667,529
05668,210
05669,232
05670,238
05671,1264
05672,337
05673,370
05674,617
05675,293
05676,279
05677,556
05678,529
05679,237
05680,217
05681,221
05682,274
05683,283
05684,289
05685,216
05686,209
05687,210
05688,299
05689,245
05690,230
05691,843
05692,742
05693,231
05694,282
05695,210
05696,1367
05697,213
05698,610
05699,246
05700,235
05701,342
05702,235
05703,390
05704,448
05705,237
05706,258
05707,293
05708,191
05709,2930
05710,196
05711,222
05712,246
05713,422
05714,210
05715,237
05716,264
05717,1615
05718,244
05719,207
05720,657
05721,193
05722,426
05723,217
05724,314
05725,3202
05726,262
05727,583
05728,1345
05729,264
05730,273
05731,828
05732,491
05733,224
05734,397
05735,225
05736,918
05737,235
05738,194
05739,285
05740,202
05741,195
05742,222
05743,548
05744,313
05745,214
05746,305
05747,310
05748,393
05749,218
05750,191
05751,361
05752,559
05753,221
05754,440
05755,1121
05756,1848
05757,413
05758,213
05759,616
05760,335
05761,530
05762,192
05763,236
05764,297
05765,196
05766,249
05767,208
05768,563
05769,209
05770,222
05771,244
05772,1876
05773,219
05774,939
05775,238
05776,371
05777,379
05778,194
05779,609
05780,323
05781,387
05782,1197
05783,869
05784,208
05785,346
05786,233
05787,420
05788,229
05789,298
05790,188
05791,220
05792,313
05793,381
05794,711
05795,208
05796,344
05797,195
05798,272
05799,194
05800,446
05801,458
05802,256
05803,284
05804,261
05805,296
05806,278
05807,838
05808,241
05809,1440
05810,236
05811,300
05812,211
05813,229
05814,349
05815,302
05816,276
05817,181
05818,230
05819,214
05820,230
05821,190
05822,556
05823,661
05824,924
05825,576
05826,347
05827,733
05828,1821
05829,1453
05830,364
05831,425
05832,238
05833,233
05834,297
05835,198
05836,292
05837,610
05838,208
05839,347
05840,444
05841,1764
05842,2843
05843,316
05844,190
05845,191
05846,645
05847,540
05848,933
05849,604
05850,1153
05851,280
05852,336
05853,228
05854,526
05855,262
05856,339
05857,1018
05858,899
05859,253
05860,1211
05861,320
05862,654
05863,206
05864,305
05865,202
05866,741
05867,283
05868,201
05869,289
05870,650
05871,266
05872,393
05873,536
05874,617
05875,321
05876,220
05877,529
05878,365
05879,315
05880,1299
05881,288
05882,256
05883,193
05884,255
05885,232
05886,212
05887,193
05888,269
05889,471
05890,248
05891,308
05892,317
05893,465
05894,219
05895,280
05896,705
05897,825
05898,424
05899,263
05900,194
05901,239
05902,270
05903,550
05904,293
05905,532
05906,309
05907,207
05908,330
05909,202
05910,301
05911,286
05912,383
05913,386
05914,218
05915,361
05916,223
05917,223
05918,272
05919,601
05920,375
05921,714
05922,232
05923,196
05924,211
05925,251
05926,242
05927,529
05928,1126
05929,361
05930,396
05931,213
05932,743
05933,619
05934,257
05935,311
05936,222
05937,428
05938,1986
05939,191
05940,615
05941,2143
05942,214
05943,347
05944,391
05945,559
05946,183
05947,255
05948,724
05949,226
05950,180
05951,211
05952,438
05953,1198
05954,192
05955,187
05956,342
05957,192
05958,344
05959,210
05960,721
05961,236
05962,273
05963,1773
05964,231
05965,187
05966,188
05967,1855
05968,224
05969,280
05970,228
05971,241
05972,217
05973,1223
05974,243
05975,282
05976,1090
05977,324
05978,276
05979,191
05980,1746
05981,1246
05982,291
05983,390
05984,363
05985,2394
05986,197
05987,241
05988,722
05989,203
05990,512
05991,296
05992,304
05993,235
05994,209
05995,194
05996,219
05997,311
05998,2197
05999,3698
06000,499
06001,413
06002,203
06003,207
06004,301
06005,373
06006,228
06007,796
06008,630
06009,281
06010,480
06011,192
06012,1747
06013,938
06014,225
06015,810
06016,244
06017,3639
06018,217
06019,188
06020,201
06021,378
06022,192
06023,506
06024,717
06025,196
06026,288
06027,583
06028,1430
06029,284
06030,294
06031,932
06032,264
06033,180
06034,1375
06035,249
06036,195
06037,399
06038,286
06039,234
06040,239
06041,570
06042,726
06043,984
06044,307
06045,465
06046,214
06047,1008
06048,286
06049,889
06050,215
06051,338
06052,268
06053,217
06054,259
06055,528
06056,3705
06057,1162
06058,209
06059,253
06060,216
06061,610
06062,248
06063,757
06064,1301
06065,514
06066,284
06067,2445
06068,286
06069,353
06070,1660
06071,222
06072,236
06073,1679
06074,1991
06075,187
06076,228
06077,230
06078,393
06079,1236
06080,1026
06081,190
06082,277
06083,193
06084,204
06085,254
06086,196
06087,232
06088,349
06089,1707
06090,499
06091,285
06092,284
06093,238
06094,180
06095,434
06096,459
06097,588
06098,389
06099,193
06100,497
06101,1065
06102,587
06103,290
06104,193
06105,353
06106,534
06107,237
06108,187
06109,254
06110,186
06111,291
06112,1044
06113,300
06114,272
06115,216
06116,218
06117,267
06118,285
06119,360
06120,623
06121,213
06122,395
06123,212
06124,303
06125,275
06126,384
06127,289
06128,235
06129,227
06130,1630
06131,308
06132,750
06133,336
06134,325
06135,273
06136,188
06137,209
06138,286
06139,218
06140,662
06141,189
06142,195
06143,325
06144,276
06145,465
06146,221
06147,229
06148,407
06149,256
06150,448
06151,269
06152,192
06153,400
06154,202
06155,287
06156,599
06157,281
06158,308
06159,246
06160,376
06161,1357
06162,187
06163,254
06164,344
06165,474
06166,251
06167,1031
06168,411
06169,387
06170,836
06171,491
06172,309
06173,478
06174,202
06175,264
06176,381
06177,280
06178,189
06179,927
06180,205
06181,210
06182,318
06183,1194
06184,317
06185,390
06186,380
06187,271
06188,880
06189,262
06190,501
06191,286
06192,209
06193,601
06194,186
06195,188
06196,1832
06197,342
06198,344
06199,194
06200,799
06201,544
06202,217
06203,313
06204,277
06205,335
06206,518
06207,1545
06208,743
06209,387
06210,1195
06211,1764
06212,284
06213,194
06214,223
06215,976
06216,227
06217,185
06218,682
06219,261
06220,260
06221,199
06222,1413
06223,713
06224,254
06225,477
06226,916
06227,236
06228,430
06229,457
06230,568
06231,203
06232,246
06233,272
06234,292
06235,356
06236,258
06237,338
06238,338
06239,570
06240,236
06241,274
06242,272
06243,271
06244,361
06245,390
06246,273
06247,494
06248,623
06249,869
06250,426
06251,983
06252,380
06253,251
06254,255
06255,229
06256,222
06257,212
06258,855
06259,784
06260,486
06261,1241
06262,341
06263,211
06264,911
06265,207
06266,225
06267,979
06268,462
06269,422
06270,290
06271,572
06272,322
06273,298
06274,641
06275,275
06276,327
06277,449
06278,585
06279,236
06280,251
06281,307
06282,256
06283,254
06284,377
06285,393
06286,559
06287,422
06288,298
06289,348
06290,288
06291,458
06292,243
06293,286
06294,232
06295,305
06296,394
06297,706
06298,261
06299,236
06300,185
06301,526
06302,963
06303,232
06304,598
06305,398
06306,253
06307,460
06308,213
06309,197
06310,472
06311,181
06312,331
06313,273
06314,211
06315,723
06316,439
06317,201
06318,253
06319,302
06320,419
06321,2140
06322,382
06323,432
06324,2402
06325,848
06326,1207
06327,205
06328,1296
06329,228
06330,207
06331,293
06332,689
06333,228
06334,202
06335,275
06336,973
06337,292
06338,240
06339,284
06340,619
06341,286
06342,188
06343,407
06344,716
06345,292
06346,245
06347,264
06348,246
06349,188
06350,284
06351,212
06352,361
06353,1190
06354,189
06355,218
06356,518
06357,383
06358,410
06359,347
06360,210
06361,392
06362,529
06363,290
06364,190
06365,186
06366,435
06367,296
06368,208
06369,2862
06370,261
06371,761
06372,578
06373,204
06374,1400
06375,194
06376,287
06377,326
06378,415
06379,269
06380,291
06381,309
06382,344
06383,283
06384,246
06385,316
06386,288
06387,455
06388,232
06389,305
06390,397
06391,565
06392,181
06393,303
06394,187
06395,270
06396,197
06397,1883
06398,679
06399,311
06400,195
06401,296
06402,988
06403,292
06404,610
06405,299
06406,316
06407,255
06408,197
06409,299
06410,996
06411,193
06412,269
06413,1604
06414,250
06415,231
06416,527
06417,233
06418,192
06419,535
06420,983
06421,943
06422,182
06423,195
06424,301
06425,293
06426,272
06427,246
06428,193
06429,240
06430,1613
06431,476
06432,305
06433,214
06434,558
06435,544
06436,192
06437,240
06438,217
06439,209
06440,1584
06441,278
06442,202
06443,365
06444,311
06445,187
06446,438
06447,269
06448,195
06449,2821
06450,384
06451,214
06452,285
06453,195
06454,466
06455,269
06456,220
06457,242
06458,183
06459,257
06460,346
06461,276
06462,292
06463,226
06464,549
06465,214
06466,984
06467,297
06468,297
06469,189
06470,959
06471,227
06472,273
06473,1848
06474,181
06475,421
06476,307
06477,213
06478,887
06479,579
06480,356
06481,235
06482,187
06483,196
06484,229
06485,300
06486,709
06487,240
06488,472
06489,1808
06490,327
06491,335
06492,219
06493,522
06494,290
06495,476
06496,412
06497,397
06498,251
06499,254
06500,303
06501,219
06502,281
06503,239
06504,430
06505,228
06506,194
06507,376
06508,1200
06509,239
06510,382
06511,248
06512,230
06513,2068
06514,261
06515,1214
06516,410
06517,213
06518,491
06519,748
06520,228
06521,316
06522,231
06523,304
06524,300
06525,405
06526,569
06527,1946
06528,186
06529,821
06530,563
06531,306
06532,203
06533,462
06534,183
06535,192
06536,201
06537,284
06538,1098
06539,250
06540,2452
06541,187
06542,604
06543,754
06544,402
06545,243
06546,199
06547,215
06548,1523
06549,638
06550,577
06551,278
06552,535
06553,278
06554,1173
06555,629
06556,2517
06557,1371
06558,1023
06559,321
06560,313
06561,772
06562,248
06563,197
06564,2077
06565,195
06566,694
06567,242
06568,196
06569,432
06570,812
06571,197
06572,306
06573,207
06574,206
06575,326
06576,205
06577,266
06578,266
06579,262
06580,417
06581,358
06582,192
06583,836
06584,285
06585,287
06586,271
06587,296
06588,650
06589,508
06590,2649
06591,244
06592,222
06593,459
06594,864
06595,1528
06596,194
06597,247
06598,332
06599,188
06600,543
06601,196
06602,255
06603,527
06604,395
06605,441
06606,214
06607,485
06608,2498
06609,450
06610,187
06611,261
06612,274
06613,187
06614,233
06615,189
06616,658
06617,412
06618,338
06619,1315
06620,223
06621,379
06622,2357
06623,187
06624,266
06625,463
06626,259
06627,484
06628,431
06629,1325
06630,2324
06631,193
06632,305
06633,375
06634,238
06635,218
06636,2994
06637,202
06638,347
06639,2484
06640,211
06641,291
06642,261
06643,224
06644,332
06645,383
06646,373
06647,307
06648,1115
06649,252
06650,204
06651,231
06652,234
06653,349
06654,465
06655,269
06656,1782
06657,261
06658,283
06659,674
06660,298
06661,294
06662,1812
06663,824
06664,2590
06665,269
06666,2020
06667,599
06668,2366
06669,279
06670,359
06671,1170
06672,389
06673,187
06674,216
06675,371
06676,580
06677,346
06678,226
06679,327
06680,419
06681,306
06682,211
06683,352
06684,317
06685,293
06686,607
06687,294
06688,223
06689,617
06690,223
06691,264
06692,206
06693,498
06694,221
06695,292
06696,246
06697,504
06698,251
06699,214
06700,191
06701,181
06702,308
06703,463
06704,557
06705,254
06706,219
06707,297
06708,1073
06709,198
06710,501
06711,345
06712,445
06713,830
06714,2452
06715,302
06716,209
06717,304
06718,309
06719,390
06720,1751
06721,316
06722,195
06723,237
06724,695
06725,259
06726,612
06727,260
06728,311
06729,373
06730,229
06731,192
06732,448
06733,1152
06734,420
06735,214
06736,183
06737,269
06738,534
06739,970
06740,910
06741,190
06742,220
06743,197
06744,235
06745,419
06746,335
06747,288
06748,421
06749,269
06750,351
06751,242
06752,185
06753,190
06754,481
06755,306
06756,352
06757,262
06758,319
06759,220
06760,266
06761,669
06762,341
06763,347
06764,211
06765,269
06766,256
06767,207
06768,964
06769,1024
06770,613
06771,470
06772,1648
06773,297
06774,225
06775,368
06776,180
06777,215
06778,366
06779,312
06780,267
06781,527
06782,580
06783,240
06784,220
06785,231
06786,231
06787,363
06788,449
06789,307
06790,305
06791,288
06792,219
06793,195
06794,634
06795,373
06796,205
06797,200
06798,305
06799,194
06800,240
06801,225
06802,206
06803,309
06804,450
06805,217
06806,2374
06807,673
06808,2685
06809,2949
06810,238
06811,875
06812,416
06813,244
06814,350
06815,575
06816,383
06817,388
06818,646
06819,406
06820,1197
06821,1365
06822,1735
06823,2385
06824,382
06825,238
06826,405
06827,833
06828,555
06829,1220
06830,203
06831,350
06832,243
06833,235
06834,216
06835,372
06836,517
06837,565
06838,376
06839,189
06840,699
06841,212
06842,605
06843,278
06844,314
06845,241
06846,622
06847,2072
06848,439
06849,307
06850,242
06851,763
06852,188
06853,185
06854,296
06855,210
06856,1790
06857,1733
06858,214
06859,432
06860,283
06861,393
06862,1653
06863,639
06864,1515
06865,224
06866,1212
06867,272
06868,424
06869,907
06870,216
06871,353
06872,1665
06873,359
06874,312
06875,225
06876,259
06877,329
06878,226
06879,222
06880,286
06881,545
06882,2846
06883,414
06884,214
06885,313
06886,191
06887,3265
06888,188
06889,201
06890,195
06891,196
06892,188
06893,262
06894,198
06895,331
06896,225
06897,206
06898,196
06899,1047
06900,684
06901,453
06902,222
06903,225
06904,388
06905,244
06906,311
06907,188
06908,245
06909,201
06910,195
06911,361
06912,186
06913,249
06914,253
06915,257
06916,220
06917,473
06918,3117
06919,265
06920,250
06921,373
06922,1345
06923,469
06924,212
06925,232
06926,333
06927,261
06928,796
06929,308
06930,322
06931,198
06932,523
06933,2733
06934,271
06935,259
06936,361
06937,375
06938,230
06939,434
06940,1767
06941,199
06942,197
06943,285
06944,2664
06945,201
06946,193
06947,327
06948,353
06949,359
06950,196
06951,824
06952,230
06953,300
06954,185
06955,248
06956,305
06957,523
06958,346
06959,537
06960,318
06961,274
06962,262
06963,181
06964,620
06965,260
06966,274
06967,295
06968,3595
06969,298
06970,205
06971,1724
06972,274
06973,210
06974,272
06975,954
06976,521
06977,317
06978,262
06979,231
06980,221
06981,260
06982,227
06983,334
06984,252
06985,341
06986,271
06987,282
06988,265
06989,407
06990,564
06991,244
06992,250
06993,395
06994,219
06995,203
06996,339
06997,431
06998,221
06999,1725
07000,329
07001,217
07002,260
07003,214
07004,243
07005,374
07006,412
07007,378
07008,264
07009,323
07010,259
07011,1825
07012,256
07013,235
07014,210
07015,185
07016,260
07017,282
07018,200
07019,337
07020,457
07021,742
07022,2968
07023,201
07024,358
07025,187
07026,217
07027,708
07028,196
07029,230
07030,308
07031,187
07032,212
07033,214
07034,219
07035,208
07036,222
07037,228
07038,341
07039,468
07040,252
07041,181
07042,216
07043,985
07044,214
07045,1466
07046,323
07047,571
07048,886
07049,321
07050,283
07051,205
07052,1088
07053,213
07054,453
07055,1943
07056,325
07057,188
07058,569
07059,307
07060,402
07061,622
07062,274
07063,436
07064,308
07065,264
07066,874
07067,283
07068,208
07069,447
07070,227
07071,263
07072,287
07073,318
07074,892
07075,215
07076,218
07077,303
07078,195
07079,251
07080,227
07081,2340
07082,214
07083,391
07084,229
07085,2033
07086,211
07087,196
07088,209
07089,926
07090,196
07091,248
07092,894
07093,273
07094,235
07095,284
07096,203
07097,342
07098,1243
07099,291
07100,488
07101,269
07102,205
07103,195
07104,224
07105,507
07106,188
07107,228
07108,391
07109,239
07110,997
07111,301
07112,338
07113,292
07114,194
07115,391
07116,231
07117,1605
07118,306
07119,867
07120,276
07121,257
07122,644
07123,352
07124,450
07125,261
07126,211
07127,247
07128,332
07129,2868
07130,461
07131,204
07132,496
07133,200
07134,1794
07135,202
07136,262
07137,230
07138,358
07139,222
07140,720
07141,253
07142,248
07143,191
07144,247
07145,411
07146,782
07147,1744
07148,231
07149,299
07150,261
07151,309
07152,627
07153,227
07154,203
07155,231
07156,234
07157,206
07158,317
07159,193
07160,205
07161,302
07162,297
07163,236
07164,744
07165,563
07166,282
07167,308
07168,200
07169,516
07170,239
07171,679
07172,207
07173,227
07174,209
07175,507
07176,259
07177,338
07178,300
07179,378
07180,229
07181,404
07182,224
07183,695
07184,345
07185,257
07186,532
07187,187
07188,1451
07189,1550
07190,431
07191,320
07192,292
07193,852
07194,301
07195,233
07196,223
07197,188
07198,258
07199,304
07200,2801
07201,1045
07202,324
07203,278
07204,248
07205,489
07206,397
07207,258
07208,220
07209,585
07210,874
07211,472
07212,222
07213,831
07214,237
07215,321
07216,468
07217,201
07218,272
07219,221
07220,303
07221,216
07222,265
07223,281
07224,408
07225,887
07226,317
07227,431
07228,320
07229,1167
07230,319
07231,251
07232,235
07233,259
07234,298
07235,547
07236,457
07237,453
07238,200
07239,331
07240,308
07241,230
07242,187
07243,340
07244,522
07245,846
07246,185
07247,671
07248,297
07249,224
07250,277
07251,247
07252,1096
07253,258
07254,432
07255,226
07256,241
07257,242
07258,190
07259,268
07260,259
07261,269
07262,1817
07263,493
07264,334
07265,1546
07266,201
07267,191
07268,335
07269,367
07270,342
07271,212
07272,550
07273,288
07274,342
07275,320
07276,364
07277,694
07278,192
07279,875
07280,1606
07281,202
07282,1313
07283,208
07284,209
07285,325
07286,220
07287,246
07288,247
07289,241
07290,214
07291,340
07292,546
07293,188
07294,952
07295,224
07296,492
07297,265
07298,559
07299,1519
07300,213
07301,319
07302,267
07303,374
07304,1503
07305,241
07306,245
07307,181
07308,718
07309,433
07310,181
07311,203
07312,424
07313,267
07314,206
07315,203
07316,388
07317,346
07318,231
07319,951
07320,268
07321,294
07322,540
07323,502
07324,224
07325,566
07326,368
07327,337
07328,276
07329,195
07330,401
07331,315
07332,306
07333,331
07334,263
07335,289
07336,193
07337,234
07338,1315
07339,2075
07340,232
07341,288
07342,1577
07343,1176
07344,259
07345,359
07346,199
07347,215
07348,247
07349,359
07350,795
07351,203
07352,222
07353,193
07354,195
07355,240
07356,509
07357,445
07358,292
07359,1228
07360,1887
07361,398
07362,275
07363,735
07364,243
07365,613
07366,197
07367,504
07368,456
07369,353
07370,1597
07371,427
07372,1015
07373,212
07374,586
07375,1847
07376,726
07377,215
07378,232
07379,259
07380,1463
07381,398
07382,741
07383,203
07384,809
07385,586
07386,325
07387,357
07388,226
07389,734
07390,378
07391,238
07392,199
07393,191
07394,305
07395,260
07396,234
07397,913
07398,202
07399,1713
07400,1374
07401,225
07402,372
07403,514
07404,213
07405,293
07406,287
07407,232
07408,501
07409,629
07410,210
07411,581
07412,286
07413,437
07414,288
07415,523
07416,359
07417,199
07418,195
07419,248
07420,218
07421,229
07422,286
07423,279
07424,217
07425,902
07426,1214
07427,559
07428,286
07429,454
07430,554
07431,1455
07432,210
07433,439
07434,1549
07435,187
07436,279
07437,282
07438,521
07439,315
07440,229
07441,250
07442,207
07443,199
07444,227
07445,238
07446,221
07447,2145
07448,407
07449,191
07450,244
07451,207
07452,359
07453,181
07454,570
07455,256
07456,282
07457,221
07458,370
07459,877
07460,289
07461,214
07462,282
07463,371
07464,270
07465,214
07466,213
07467,3439
07468,406
07469,370
07470,244
07471,1633
07472,257
07473,458
07474,551
07475,1002